initFacetName,initFacetDeploymentGas,initFacetCallGas,totalGasUsed
ReseedGlobal, 1393642, 9146740, 10540382
ReseedPodMarket, 373297, 9111038, 9484335
ReseedBean, 6049879, 10369335, 16419214
ReseedField, 0, 15285610, 15285610
ReseedField, 0, 29139828, 29139828
ReseedField, 0, 19212390, 19212390
ReseedField, 0, 19670339, 19670339
ReseedField, 0, 20022984, 20022984
ReseedField, 0, 19867061, 19867061
ReseedField, 0, 19265714, 19265714
ReseedField, 0, 17170403, 17170403
ReseedField, 0, 22725781, 22725781
ReseedField, 0, 19089805, 19089805
ReseedField, 0, 4011180, 4011180
ReseedField, 0, 462979056, 462979056
ReseedField, 0, 17572516, 17572516
ReseedField, 0, 17923039, 17923039
ReseedField, 0, 19991652, 19991652
ReseedField, 0, 19965458, 19965458
ReseedField, 0, 19857946, 19857946
ReseedField, 0, 19903488, 19903488
ReseedField, 0, 19914794, 19914794
ReseedField, 0, 20001332, 20001332
ReseedField, 0, 20034081, 20034081
ReseedField, 0, 12732064, 12732064
ReseedBarn, 0, 1401487, 1401487
ReseedBarn, 0, 1461747, 1461747
ReseedBarn, 0, 1265082, 1265082
ReseedBarn, 0, 948774, 948774
ReseedBarn, 0, 1185879, 1185879
ReseedBarn, 0, 1079614, 1079614
ReseedBarn, 0, 677384, 677384
ReseedBarn, 0, 793033, 793033
ReseedBarn, 0, 906910, 906910
ReseedBarn, 0, 390940, 390940
ReseedBarn, 0, 1146618, 1146618
ReseedBarn, 0, 785483, 785483
ReseedBarn, 0, 1151630, 1151630
ReseedBarn, 0, 780447, 780447
ReseedBarn, 0, 994171, 994171
ReseedBarn, 0, 978938, 978938
ReseedBarn, 0, 1061186, 1061186
ReseedBarn, 0, 625548, 625548
ReseedBarn, 0, 793021, 793021
ReseedBarn, 0, 994171, 994171
ReseedBarn, 0, 1154789, 1154789
ReseedBarn, 0, 1061066, 1061066
ReseedBarn, 0, 18563460, 18563460
ReseedSilo, 0, 16792490, 16792490
ReseedSilo, 0, 17481358, 17481358
ReseedSilo, 0, 16913075, 16913075
ReseedSilo, 0, 16416017, 16416017
ReseedSilo, 0, 17123848, 17123848
ReseedSilo, 0, 17412634, 17412634
ReseedSilo, 0, 17738944, 17738944
ReseedSilo, 0, 17488545, 17488545
ReseedSilo, 0, 17119272, 17119272
ReseedSilo, 0, 16941457, 16941457
ReseedSilo, 0, 17328682, 17328682
ReseedSilo, 0, 17392486, 17392486
ReseedSilo, 0, 16859186, 16859186
ReseedSilo, 0, 17238755, 17238755
ReseedSilo, 0, 17774811, 17774811
ReseedSilo, 0, 16729550, 16729550
ReseedSilo, 0, 17858288, 17858288
ReseedSilo, 0, 17222158, 17222158
ReseedSilo, 0, 17303150, 17303150
ReseedSilo, 0, 17205748, 17205748
ReseedSilo, 0, 14491261, 14491261
ReseedSilo, 0, 16948181, 16948181
ReseedSilo, 0, 17157319, 17157319
ReseedSilo, 0, 17025116, 17025116
ReseedSilo, 0, 17238143, 17238143
ReseedSilo, 0, 16582438, 16582438
ReseedSilo, 0, 14978240, 14978240
ReseedSilo, 0, 16730627, 16730627
ReseedSilo, 0, 17317251, 17317251
ReseedSilo, 0, 17046689, 17046689
ReseedSilo, 0, 15005948, 15005948
ReseedSilo, 0, 16610192, 16610192
ReseedSilo, 0, 17068101, 17068101
ReseedSilo, 0, 17166813, 17166813
ReseedSilo, 0, 17392659, 17392659
ReseedSilo, 0, 16928529, 16928529
ReseedSilo, 0, 17241754, 17241754
ReseedSilo, 0, 17077148, 17077148
ReseedSilo, 0, 17332642, 17332642
ReseedSilo, 0, 14916303, 14916303
ReseedSilo, 0, 16484641, 16484641
ReseedSilo, 0, 16569311, 16569311
ReseedSilo, 0, 17110433, 17110433
ReseedSilo, 0, 16738399, 16738399
ReseedSilo, 0, 17311302, 17311302
ReseedSilo, 0, 17332276, 17332276
ReseedSilo, 0, 15677647, 15677647
ReseedSilo, 0, 15761316, 15761316
ReseedSilo, 0, 17267410, 17267410
ReseedSilo, 0, 16870981, 16870981
ReseedSilo, 0, 15814511, 15814511
ReseedSilo, 0, 14788558, 14788558
ReseedSilo, 0, 17213223, 17213223
ReseedSilo, 0, 17716864, 17716864
ReseedSilo, 0, 16928162, 16928162
ReseedSilo, 0, 17383612, 17383612
ReseedSilo, 0, 17303554, 17303554
ReseedSilo, 0, 17440078, 17440078
ReseedSilo, 0, 16478073, 16478073
ReseedSilo, 0, 16208596, 16208596
ReseedAccountStatus, 0, 9973804, 9973804
ReseedAccountStatus, 0, 9956259, 9956259
ReseedAccountStatus, 0, 9944351, 9944351
ReseedAccountStatus, 0, 9845938, 9845938
ReseedAccountStatus, 0, 9996179, 9996179
ReseedAccountStatus, 0, 10045930, 10045930
ReseedAccountStatus, 0, 9939845, 9939845
ReseedAccountStatus, 0, 9995951, 9995951
ReseedAccountStatus, 0, 10117900, 10117900
ReseedAccountStatus, 0, 10002344, 10002344
ReseedAccountStatus, 0, 9906293, 9906293
ReseedAccountStatus, 0, 9946141, 9946141
ReseedAccountStatus, 0, 10089241, 10089241
ReseedAccountStatus, 0, 10073533, 10073533
ReseedAccountStatus, 0, 10024287, 10024287
ReseedAccountStatus, 0, 10011862, 10011862
ReseedAccountStatus, 0, 10168133, 10168133
ReseedAccountStatus, 0, 9978430, 9978430
ReseedAccountStatus, 0, 10034729, 10034729
ReseedAccountStatus, 0, 10146345, 10146345
ReseedAccountStatus, 0, 9961944, 9961944
ReseedAccountStatus, 0, 9888784, 9888784
ReseedAccountStatus, 0, 9951957, 9951957
ReseedAccountStatus, 0, 10018854, 10018854
ReseedAccountStatus, 0, 9937814, 9937814
ReseedAccountStatus, 0, 10006118, 10006118
ReseedAccountStatus, 0, 9852066, 9852066
ReseedAccountStatus, 0, 7794172, 7794172
ReseedAccountStatus, 0, 4129754, 4129754
ReseedAccountStatus, 0, 4128902, 4128902
ReseedAccountStatus, 0, 3268103, 3268103
ReseedInternalBalances, 0, 9105155, 9105155
ReseedInternalBalances, 0, 9105251, 9105251
ReseedInternalBalances, 0, 9105515, 9105515
ReseedInternalBalances, 0, 9106331, 9106331
ReseedInternalBalances, 0, 9105611, 9105611
ReseedInternalBalances, 0, 3713142, 3713142
ReseedWhitelist, 504829, 1590822, 2095651
InitReseed, 163801, 10305667, 98303256
